phrg6ek0,矢沢,永吉,男,広島県広島市南区仁保,1949-0009-0014,eichan@gmai.com,その他,その他,やっちゃえよ
yeb9wx5k,木村,昌福,男,千葉県千葉市,1891-0012-0006,masatomi.kimura@gmail.com,新聞,その他,帰ろう<br>帰ればまた来られるから
bx7kspdi,木村,昌福,男,千葉県千葉市,1891-0012-0006,masatomi.kimura@gmail.com,新聞,その他,<bold>帰ろう</bold><br>帰ればまた来られるから
hu0cpqrk,田村,ゆかり,男,東京都杉並区hogehoge,029-4589-6415,<br>abcd@yahoo.co.jp,新聞,ホームページについて,世界一かわいいいいいいいい世おおおおおおおおおおおおおおおおおおお！！<br><br>
cu0dj2yv,田村,ゆかり,男,東京都杉並区hogehoge,029-4589-6415,<br>abcd@yahoo.co.jp,新聞,ホームページについて,世界一かわいいいいいいいい<br>世おおおおおおおおおおおおおおおおおおお！！<br><br>
gnyvaxqo,田村,ゆかり,男,東京都杉並区hogehoge,029-4589-6415,<br>abcd@yahoo.co.jp,新聞,ホームページについて,
nuierybc,田村,ゆかり,男,東京都杉並区hogehoge,029-4589-6415,<br>abcd@yahoo.co.jp,新聞,ホームページについて,世界一かわいいいいいいいい<br>世おおおおおおおおおおおおおおおおおおお！！&lt;br&gt;&lt;br&gt;
i52osqe1,sdfv,fvw,不明,sfbv,000-0000-0000,nvjn@fvn,,ホームページについて,fb
yev582zn,x,yz,不明,Tokyo,000-0000-0000,dfvijn@dfvni,その他,ホームページについて,moam
7p4ncmfb,rn,dfbon,不明,dfbdfn,000-0000-0000,ssdvniu@dsvun,その他,ホームページについて,aogi<br>asrga
vsrcqp4h,rn,dfbon,不明,dfbdfn,000-0000-0000,ssdvniu@dsvun,その他,ホームページについて,aogi<br>asrga
5bns4aj8,rn,dfbon,不明,dfbdfn,000-0000-0000,ssdvniu@dsvun,その他,ホームページについて,aogi<br>asrga
ieflayvj,rn,dfbon,不明,dfbdfn,000-0000-0000,ssdvniu@dsvun,その他,ホームページについて,aogi<br>asrga
hfo3dge8,rn,dfbon,不明,dfbdfn,000-0000-0000,ssdvniu@dsvun,その他,ホームページについて,aogi<br>asrga
4xyki1jn,rn,dfbon,不明,dfbdfn,000-0000-0000,ssdvniu@dsvun,その他,ホームページについて,aogi<br>asrga
3fljigk0,rn,dfbon,不明,dfbdfn,000-0000-0000,ssdvniu@dsvun,その他,ホームページについて,aogi<br>asrga
a90725j6,rn,dfbon,不明,dfbdfn,000-0000-0000,ssdvniu@dsvun,その他,ホームページについて,aogi<br>asrga
6a8ushrp,rn,dfbon,不明,dfbdfn,000-0000-0000,ssdvniu@dsvun,,ホームページについて,aogi<br>asrga
e2h7p8nb,rn,dfbon,不明,dfbdfn,000-0000-0000,ssdvniu@dsvun,,ホームページについて,aogi<br>asrga
lswkf1ro,rn,dfbon,不明,dfbdfn,000-0000-0000,ssdvniu@dsvun,,ホームページについて,aogi<br>asrga
3wkphnz2,rn,dfbon,不明,dfbdfn,000-0000-0000,ssdvniu@dsvun,,ホームページについて,aogi<br>asrga
6ej9yxhn,rn,dfbon,不明,dfbdfn,000-0000-0000,ssdvniu@dsvun,,ホームページについて,aogi<br>asrga
agljnv4d,rn,dfbon,不明,dfbdfn,000-0000-0000,ssdvniu@dsvun,,ホームページについて,aogi<br>asrga
dglq9x85,rn,dfbon,不明,dfbdfn,000-0000-0000,ssdvniu@dsvun,,ホームページについて,aogi<br>asrga
82canf7e,rn,dfbon,不明,dfbdfn,000-0000-0000,ssdvniu@dsvun,,ホームページについて,aogi<br>asrga
ezmxnic2,rn,dfbon,不明,dfbdfn,000-0000-0000,ssdvniu@dsvun,,ホームページについて,aogi<br>asrga
8p15xshv,rn,dfbon,不明,dfbdfn,000-0000-0000,ssdvniu@dsvun,,ホームページについて,aogi<br>asrga
1bnuav6p,rn,dfbon,不明,dfbdfn,000-0000-0000,ssdvniu@dsvun,,ホームページについて,aogi<br>asrga
qw2zdx5v,rn,dfbon,不明,dfbdfn,000-0000-0000,ssdvniu@dsvun,,ホームページについて,aogi<br>asrga
beym6h7l,rn,dfbon,不明,dfbdfn,000-0000-0000,ssdvniu@dsvun,,ホームページについて,aogi<br>asrga
k1o0lv8i,rn,dfbon,不明,dfbdfn,000-0000-0000,ssdvniu@dsvun,,ホームページについて,aogi<br>asrga
wg73vpao,rn,dfbon,不明,dfbdfn,000-0000-0000,ssdvniu@dsvun,,ホームページについて,aogi<br>asrga
hqr27fl4,rn,dfbon,不明,dfbdfn,000-0000-0000,ssdvniu@dsvun,,ホームページについて,aogi<br>asrga
l7y38puh,rn,dfbon,不明,dfbdfn,000-0000-0000,ssdvniu@dsvun,,ホームページについて,aogi<br>asrga
gsfid45a,rn,dfbon,不明,dfbdfn,000-0000-0000,ssdvniu@dsvun,,ホームページについて,aogi<br>asrga
dyvegmxc,rn,dfbon,不明,dfbdfn,000-0000-0000,ssdvniu@dsvun,,ホームページについて,aogi<br>asrga
sacd1k06,rn,dfbon,不明,dfbdfn,000-0000-0000,ssdvniu@dsvun,,ホームページについて,aogi<br>asrga
bwqg4de6,rn,dfbon,不明,dfbdfn,000-0000-0000,ssdvniu@dsvun,,ホームページについて,aogi<br>asrga
0kqy23ce,rn,dfbon,不明,dfbdfn,000-0000-0000,ssdvniu@dsvun,,ホームページについて,aogi<br>asrga
0ywjg6du,rn,dfbon,不明,dfbdfn,000-0000-0000,ssdvniu@dsvun,,ホームページについて,aogi<br>asrga
uqeycv48,rn,dfbon,不明,dfbdfn,000-0000-0000,ssdvniu@dsvun,,ホームページについて,aogi<br>asrga
ya9xpdce,sdfion,sdfon,不明,sdfoibn,00-0000-0000,dfn@osdjfnbo,,ホームページについて,dfbsdfoibnsdfuibn
drp72hef,serifgo,osdffbn,不明,dofbn,000-0000-000,nwin@ofnvoein,,ホームページについて,dfbino
owueajbi,serifgo,osdffbn,不明,dofbn,000-0000-000,nwin@ofnvoein,,ホームページについて,dfbino
